age,Medu,Fedu,traveltime,studytime,failures,famrel,freetime,goout,Dalc,Walc,health,absences,parent_edu_avg,attendance_proxy,alcohol_index,study_vs_travel,support_count,engagement_score,social_load,school,address,famsize,Pstatus,Mjob,Fjob,reason,guardian,schoolsup,famsup,paid,activities,nursery,higher,internet,romantic,subject
17,4,3,1,2,0,3,4,5,2,4,1,16,3.5,0.4666666666666667,3.0,2.0,0,4,3.3333333333333335,GP,U,GT3,T,other,other,reputation,mother,no,no,no,no,yes,yes,yes,yes,portuguese
17,1,1,1,1,1,5,4,4,2,2,5,0,1.0,1.0,2.0,1.0,1,2,2.6666666666666665,MS,R,GT3,T,other,other,other,father,no,yes,no,no,no,no,yes,no,portuguese
17,2,3,2,1,0,5,5,5,1,3,3,2,2.5,0.9333333333333333,2.0,0.5,1,3,3.3333333333333335,MS,R,GT3,T,other,other,course,mother,no,yes,no,no,yes,yes,yes,no,portuguese
19,1,2,1,2,1,4,2,4,2,2,3,0,1.5,1.0,2.0,2.0,0,4,2.3333333333333335,GP,U,LE3,T,services,services,home,other,no,no,no,yes,no,yes,no,yes,math
16,4,4,1,3,0,5,3,2,1,1,5,0,4.0,1.0,1.0,3.0,1,6,1.6666666666666667,GP,U,GT3,T,teacher,services,home,mother,no,yes,no,yes,no,yes,yes,no,math
17,3,3,2,4,1,5,4,5,3,4,5,0,3.0,1.0,3.5,2.0,2,6,3.0,MS,U,GT3,T,services,at_home,course,mother,no,yes,yes,yes,yes,yes,no,no,portuguese
17,4,1,2,1,0,4,5,4,2,4,5,22,2.5,0.2666666666666667,3.0,0.5,0,4,3.3333333333333335,GP,U,LE3,A,services,other,home,mother,no,no,no,yes,yes,yes,yes,yes,portuguese
16,2,1,1,2,0,5,3,3,1,1,1,0,1.5,1.0,1.0,2.0,1,5,2.0,MS,U,GT3,T,other,services,course,mother,no,yes,no,yes,yes,yes,yes,no,portuguese
17,3,2,1,2,0,5,3,4,1,3,3,10,2.5,0.6666666666666667,2.0,2.0,0,5,2.3333333333333335,GP,U,GT3,T,other,other,course,mother,no,no,no,yes,no,yes,yes,no,math
19,3,2,2,2,1,4,2,2,1,2,1,22,2.5,0.2666666666666667,1.5,1.0,2,4,1.6666666666666667,GP,U,LE3,T,services,other,reputation,other,no,yes,yes,no,no,yes,yes,yes,math
15,4,4,1,2,0,3,2,2,1,1,5,8,4.0,0.7333333333333334,1.0,2.0,1,4,1.3333333333333333,GP,U,GT3,T,teacher,health,reputation,mother,no,yes,no,yes,yes,yes,no,no,portuguese
16,3,3,1,2,0,4,3,3,2,4,5,54,3.0,0.0,3.0,2.0,3,5,2.0,GP,U,GT3,T,other,services,home,mother,yes,yes,yes,yes,yes,yes,yes,no,math
19,3,3,1,2,1,4,5,3,1,2,5,0,3.0,1.0,1.5,2.0,0,4,3.0,GP,R,GT3,T,other,services,reputation,father,no,no,no,yes,yes,yes,no,yes,math
17,3,1,2,4,0,3,1,2,1,1,3,0,2.0,1.0,1.0,2.0,1,5,1.0,GP,R,LE3,T,services,other,reputation,mother,no,yes,no,no,yes,yes,no,no,portuguese
16,2,1,1,1,1,4,4,4,3,5,5,6,1.5,0.8,4.0,1.0,0,3,3.0,GP,U,LE3,T,at_home,other,course,mother,no,no,no,yes,yes,yes,no,yes,portuguese
18,2,1,2,1,0,4,4,3,1,3,5,5,1.5,0.8333333333333334,2.0,0.5,0,4,2.6666666666666665,MS,R,GT3,T,other,other,other,mother,no,no,no,yes,no,yes,yes,yes,math
18,2,1,4,2,0,4,3,2,4,5,3,2,1.5,0.9333333333333333,4.5,0.5,2,5,2.0,GP,U,LE3,T,at_home,other,course,mother,yes,yes,no,yes,yes,yes,yes,yes,portuguese
16,2,2,2,1,0,2,3,3,2,2,2,4,2.0,0.8666666666666667,2.0,0.5,1,4,2.0,GP,U,LE3,T,services,services,reputation,father,no,yes,no,yes,yes,yes,yes,no,portuguese
16,2,1,1,2,0,4,3,5,1,1,5,0,1.5,1.0,1.0,2.0,1,3,3.0,GP,U,GT3,T,other,other,course,mother,no,yes,no,no,yes,yes,no,yes,portuguese
15,2,1,4,1,3,4,5,5,2,5,5,0,1.5,1.0,3.5,0.25,0,3,3.3333333333333335,GP,U,LE3,A,services,other,course,mother,no,no,no,no,yes,yes,yes,no,math
19,2,2,1,2,0,4,3,3,1,1,5,0,2.0,1.0,1.0,2.0,1,4,2.0,GP,U,GT3,T,services,services,home,mother,no,yes,no,no,yes,yes,yes,no,portuguese
16,2,2,1,1,1,5,3,4,1,1,5,12,2.0,0.6,1.0,1.0,0,2,2.3333333333333335,GP,U,GT3,A,other,other,home,mother,no,no,no,no,yes,yes,no,no,portuguese
17,4,4,2,2,0,4,3,3,1,2,5,4,4.0,0.8666666666666667,1.5,1.0,2,5,2.0,MS,R,GT3,T,teacher,services,other,father,no,yes,yes,yes,yes,yes,yes,no,math
16,1,1,2,2,0,3,4,2,1,1,5,18,1.0,0.4,1.0,1.0,2,4,2.0,GP,U,LE3,T,other,other,home,mother,no,yes,yes,no,yes,yes,yes,no,math
18,1,2,2,2,0,4,4,3,1,2,4,0,1.5,1.0,1.5,1.0,0,4,2.3333333333333335,MS,U,LE3,A,at_home,other,reputation,mother,no,no,no,no,yes,yes,yes,no,portuguese
18,2,1,2,2,0,4,3,1,1,1,5,10,1.5,0.6666666666666667,1.0,1.0,0,5,1.6666666666666667,GP,U,GT3,T,other,other,reputation,mother,no,no,no,yes,yes,yes,yes,yes,portuguese
18,2,3,2,1,0,5,2,3,1,2,4,0,2.5,1.0,1.5,0.5,2,3,2.0,MS,U,GT3,T,at_home,services,course,father,no,yes,yes,no,yes,yes,yes,yes,math
19,3,3,1,2,1,4,4,4,1,1,3,20,3.0,0.33333333333333337,1.0,2.0,1,5,3.0,GP,U,GT3,T,other,other,home,other,no,yes,no,yes,yes,yes,yes,yes,math
16,3,1,1,1,0,5,3,2,2,2,5,0,2.0,1.0,2.0,1.0,0,3,1.6666666666666667,GP,U,GT3,T,other,other,reputation,mother,no,no,no,yes,yes,yes,no,no,portuguese
16,4,3,1,4,0,4,2,2,1,1,2,2,3.5,0.9333333333333333,1.0,4.0,0,7,1.3333333333333333,GP,U,GT3,T,health,services,reputation,mother,no,no,no,yes,yes,yes,yes,no,portuguese
17,3,4,1,3,0,4,4,5,1,3,5,16,3.5,0.4666666666666667,2.0,3.0,0,5,3.0,GP,U,GT3,T,services,other,course,mother,no,no,no,no,yes,yes,yes,no,math
16,2,1,3,1,0,4,3,3,1,1,4,6,1.5,0.8,1.0,0.3333333333333333,0,3,2.0,GP,U,GT3,T,other,other,course,mother,no,no,no,no,yes,yes,yes,no,math
17,2,4,1,2,0,4,3,2,1,1,5,0,3.0,1.0,1.0,2.0,0,5,2.0,GP,U,LE3,T,services,services,course,father,no,no,no,yes,yes,yes,yes,yes,math
17,3,2,2,1,0,4,3,3,2,2,1,5,2.5,0.8333333333333334,2.0,0.5,0,2,2.3333333333333335,MS,U,GT3,T,at_home,other,home,mother,no,no,no,no,yes,yes,no,yes,portuguese
15,4,2,1,3,0,5,3,3,1,3,1,4,3.0,0.8666666666666667,2.0,3.0,1,6,2.0,GP,U,GT3,T,other,other,reputation,mother,no,yes,no,yes,yes,yes,yes,no,math
17,1,1,1,3,0,4,3,2,1,2,4,10,1.0,0.6666666666666667,1.5,3.0,1,6,2.0,GP,U,LE3,T,at_home,at_home,course,mother,no,yes,no,yes,yes,yes,yes,yes,portuguese
15,2,3,2,1,0,3,5,1,1,1,5,4,2.5,0.8666666666666667,1.0,0.5,1,3,2.0,GP,U,GT3,T,other,other,other,father,no,yes,no,yes,yes,yes,no,no,portuguese
17,3,2,1,2,0,5,4,2,1,1,3,4,2.5,0.8666666666666667,1.0,2.0,0,4,2.0,GP,U,GT3,T,other,other,course,father,no,no,no,yes,yes,yes,no,no,portuguese
17,2,1,3,1,0,5,5,3,1,1,3,2,1.5,0.9333333333333333,1.0,0.3333333333333333,1,2,3.0,MS,R,GT3,T,at_home,other,course,mother,no,yes,no,yes,yes,no,no,yes,portuguese
15,4,4,1,1,0,3,3,4,2,3,5,0,4.0,1.0,2.5,1.0,3,3,2.3333333333333335,GP,U,GT3,T,services,services,course,mother,yes,yes,yes,no,yes,yes,yes,no,math
