feature,importance_mean,importance_std
failures,0.03931620728447454,0.018262562372577902
subject,0.037576669207549394,0.016031632128172015
schoolsup,0.024926903572045397,0.013074398796802703
school,0.0210526876875681,0.008578541737480915
alcohol_index,0.01569625191131792,0.013534662778347122
Walc,0.014113438709030049,0.008466858664632355
activities,0.013712480482046208,0.00851260049895033
age,0.01344818867945699,0.007082148877482614
paid,0.01284772012649861,0.010134654644796197
support_count,0.012792219126087384,0.008079681192725025
famsup,0.011938410799384819,0.0054126161609984935
nursery,0.010238951451860337,0.004462710450281983
famrel,0.009634260365617472,0.003018292987459366
engagement_score,0.009604813051746215,0.021560900956095603
Mjob,0.009431679436590526,0.006995596408058545
studytime,0.008932333396832429,0.006370651863021147
reason,0.008554891920271465,0.006316569041833237
guardian,0.007172630726343124,0.003833672111133117
goout,0.006991268105734055,0.00906994684572367
Fjob,0.0061791744992023,0.009514638370546814
Pstatus,0.005251334108500899,0.0031581335046671614
address,0.004305480343976056,0.004849376231274653
famsize,0.0030914767965128653,0.0020141574518357575
parent_edu_avg,0.002924929518034941,0.012564439794236762
romantic,0.002909435491851145,0.005650768393013478
study_vs_travel,0.0018061135248456511,0.010108110422917408
internet,0.0005456422277388684,0.00990162921886059
attendance_proxy,-0.0008046575405955964,0.00635131618924251
higher,-0.0008527476613468948,0.00988280001278614
freetime,-0.0009576276005677925,0.0044931820931174
health,-0.0014860215390626874,0.006998204223571659
absences,-0.0017458398649742995,0.007631431158100271
Medu,-0.0023463095497304326,0.009783545254338943
Fedu,-0.003280628662077456,0.006382117058066102
Dalc,-0.0036636855957201953,0.004869622538454034
traveltime,-0.004016202252388454,0.004817331853248662
social_load,-0.012168092306256262,0.006697525938510009
